{"loss": 0.03743704780936241, "ode_loss": 6.141504854895175e-05, "ic_loss": 1.2010755767732917e-07, "data_loss": 0.03711014240980148, "_timestamp": 1701383613.1809998, "_runtime": 68.67473673820496, "_step": 4999, "gradients/output.bias": {"_type": "histogram", "values": [1.0, 0.0, 0.0, 0.0, 0.0, 0.0, 0.0, 0.0, 0.0, 0.0, 0.0, 0.0, 1.0, 0.0, 0.0, 0.0, 0.0, 0.0, 0.0, 0.0, 0.0, 0.0, 0.0, 0.0, 0.0, 0.0, 0.0, 0.0, 0.0, 0.0, 0.0, 0.0, 0.0, 0.0, 0.0, 0.0, 0.0, 0.0, 0.0, 0.0, 0.0, 0.0, 0.0, 0.0, 0.0, 0.0, 0.0, 0.0, 0.0, 0.0, 0.0, 0.0, 0.0, 0.0, 0.0, 0.0, 0.0, 0.0, 0.0, 0.0, 0.0, 0.0, 0.0, 1.0], "bins": [-0.0002985927858389914, -0.0002893598866648972, -0.00028012701659463346, -0.00027089411742053926, -0.00026166121824644506, -0.0002524283481761813, -0.00024319544900208712, -0.00023396254982799292, -0.00022472966520581394, -0.00021549678058363497, -0.00020626388140954077, -0.0001970309967873618, -0.00018779811216518283, -0.00017856521299108863, -0.00016933232836890966, -0.00016009942919481546, -0.00015086654457263649, -0.0001416336599504575, -0.0001324007607763633, -0.00012316787615418434, -0.00011393498425604776, -0.00010470209235791117, -9.54692077357322e-05, -8.623631583759561e-05, -7.700342393945903e-05, -6.777053204132244e-05, -5.8537640143185854e-05, -4.930475552100688e-05, -4.0071863622870296e-05, -3.083897172473371e-05, -2.160608710255474e-05, -1.2373187928460538e-05, -3.1403033062815666e-06, 6.092586772865616e-06, 1.5325476852012798e-05, 2.455836693115998e-05, 3.379125701030716e-05, 4.302414890844375e-05, 5.225703716860153e-05, 6.14899254287593e-05, 7.072281732689589e-05, 7.995570922503248e-05, 8.918860112316906e-05, 9.842148574534804e-05, 0.00010765437764348462, 0.00011688726954162121, 0.00012612015416380018, 0.00013535305333789438, 0.00014458593796007335, 0.00015381882258225232, 0.00016305172175634652, 0.0001722846063785255, 0.0001815175055526197, 0.00019075039017479867, 0.00019998327479697764, 0.00020921617397107184, 0.0002184490585932508, 0.00022768194321542978, 0.00023691484238952398, 0.0002461477415636182, 0.0002553806116338819, 0.0002646135108079761, 0.00027384638087823987, 0.00028307928005233407, 0.00029231217922642827]}, "gradients/output.weight": {"_type": "histogram", "values": [1.0, 0.0, 0.0, 1.0, 1.0, 0.0, 0.0, 0.0, 1.0, 0.0, 0.0, 0.0, 1.0, 1.0, 3.0, 1.0, 0.0, 0.0, 2.0, 3.0, 2.0, 3.0, 4.0, 4.0, 7.0, 2.0, 8.0, 7.0, 8.0, 5.0, 4.0, 4.0, 3.0, 3.0, 5.0, 0.0, 0.0, 1.0, 1.0, 1.0, 2.0, 0.0, 1.0, 2.0, 0.0, 1.0, 1.0, 1.0, 0.0, 0.0, 0.0, 0.0, 0.0, 0.0, 0.0, 0.0, 0.0, 0.0, 0.0, 0.0, 0.0, 0.0, 0.0, 1.0], "bins": [-0.00034600868821144104, -0.0003334703797008842, -0.0003209320711903274, -0.00030839373357594013, -0.0002958554250653833, -0.0002833171165548265, -0.0002707787789404392, -0.0002582404704298824, -0.0002457021619193256, -0.00023316385340876877, -0.00022062553034629673, -0.00020808720728382468, -0.00019554889877326787, -0.00018301059026271105, -0.000170472267200239, -0.00015793394413776696, -0.00014539563562721014, -0.00013285732711665332, -0.00012031900405418128, -0.00010778068826766685, -9.524237248115242e-05, -8.270405669463798e-05, -7.016574090812355e-05, -5.762742512160912e-05, -4.508910933509469e-05, -3.255079354858026e-05, -2.0012477762065828e-05, -7.4741546995937824e-06, 5.064153810963035e-06, 1.760246232151985e-05, 3.0140785383991897e-05, 4.267910844646394e-05, 5.52173878531903e-05, 6.775570363970473e-05, 8.029401942621917e-05, 9.28323352127336e-05, 0.00010537065099924803, 0.00011790896678576246, 0.0001304472825722769, 0.00014298560563474894, 0.00015552391414530575, 0.00016806222265586257, 0.00018060054571833462, 0.00019313886878080666, 0.00020567717729136348, 0.0002182154858019203, 0.00023075380886439234, 0.00024329213192686439, 0.0002558304404374212, 0.000268368748947978, 0.0002809070865623653, 0.0002934453950729221, 0.00030598370358347893, 0.00031852201209403574, 0.00033106032060459256, 0.00034359865821897984, 0.00035613696672953665, 0.00036867527524009347, 0.00038121361285448074, 0.00039375192136503756, 0.0004062902298755944, 0.0004188285383861512, 0.000431366846896708, 0.0004439051845110953, 0.0004564434930216521]}, "gradients/L4.bias": {"_type": "histogram", "values": [1.0, 1.0, 0.0, 0.0, 0.0, 0.0, 0.0, 0.0, 1.0, 1.0, 0.0, 0.0, 1.0, 0.0, 3.0, 1.0, 2.0, 1.0, 1.0, 0.0, 1.0, 0.0, 0.0, 1.0, 0.0, 0.0, 0.0, 1.0, 1.0, 0.0, 2.0, 1.0, 1.0, 1.0, 0.0, 1.0, 0.0, 1.0, 0.0, 0.0, 1.0, 1.0, 2.0, 0.0, 0.0, 1.0, 0.0, 0.0, 0.0, 0.0, 0.0, 0.0, 1.0, 0.0, 0.0, 0.0, 0.0, 0.0, 0.0, 0.0, 0.0, 1.0, 0.0, 1.0], "bins": [-0.00011744667426683009, -0.00011384113895474002, -0.00011023560364264995, -0.0001066300756065175, -0.00010302454029442742, -9.941900498233736e-05, -9.58134769462049e-05, -9.220794163411483e-05, -8.860240632202476e-05, -8.49968710099347e-05, -8.139133569784462e-05, -7.778580766171217e-05, -7.41802723496221e-05, -7.057473703753203e-05, -6.696920900139958e-05, -6.336367368930951e-05, -5.975813837721944e-05, -5.615260306512937e-05, -5.254707139101811e-05, -4.8941539716906846e-05, -4.5336004404816777e-05, -4.173046909272671e-05, -3.8124937418615445e-05, -3.4519405744504184e-05, -3.0913870432414114e-05, -2.7308335120324045e-05, -2.3702803446212783e-05, -2.009727177210152e-05, -1.6491736460011452e-05, -1.2886201147921383e-05, -9.280669473810121e-06, -5.6751377996988595e-06, -2.0695952116511762e-06, 1.5359382814494893e-06, 5.141471774550155e-06, 8.74700526765082e-06, 1.2352538760751486e-05, 1.595807225385215e-05, 1.9563605746952817e-05, 2.3169139240053482e-05, 2.6774672733154148e-05, 3.0380208045244217e-05, 3.398573971935548e-05, 3.759127139346674e-05, 4.119680670555681e-05, 4.480234201764688e-05, 4.840787369175814e-05, 5.20134053658694e-05, 5.561894067795947e-05, 5.922447599004954e-05, 6.2830004026182e-05, 6.643553933827206e-05, 7.004107465036213e-05, 7.36466099624522e-05, 7.725214527454227e-05, 8.085767331067473e-05, 8.44632086227648e-05, 8.806874393485487e-05, 9.167427197098732e-05, 9.527980728307739e-05, 9.888534259516746e-05, 0.00010249087790725753, 0.0001060964132193476, 0.00010970194125548005, 0.00011330747656757012]}, "gradients/L4.weight": {"_type": "histogram", "values": [2.0, 0.0, 0.0, 0.0, 0.0, 0.0, 1.0, 1.0, 0.0, 0.0, 1.0, 2.0, 1.0, 2.0, 2.0, 1.0, 2.0, 4.0, 5.0, 6.0, 5.0, 1.0, 7.0, 2.0, 8.0, 9.0, 8.0, 21.0, 20.0, 33.0, 22.0, 46.0, 45.0, 51.0, 52.0, 61.0, 94.0, 97.0, 71.0, 58.0, 38.0, 43.0, 30.0, 25.0, 21.0, 21.0, 15.0, 14.0, 9.0, 12.0, 11.0, 6.0, 7.0, 3.0, 8.0, 5.0, 4.0, 3.0, 2.0, 1.0, 0.0, 0.0, 1.0, 4.0],