{"loss": 2.077786445617676, "ode_loss": 1.4450791240960825e-05, "ic_loss": 1.3006329536437988, "data_loss": 0.7771391868591309, "_timestamp": 1701380686.0603595, "_runtime": 31.26648259162903, "_step": 0, "_wandb": {"runtime": 41}}