{"loss": 0.007187013980001211, "ode_loss": 6.93273323122412e-05, "ic_loss": 8.30689023132436e-05, "data_loss": 0.006993752904236317, "_timestamp": 1701383828.920558, "_runtime": 62.05325508117676, "_step": 4999, "gradients/output.bias": {"_type": "histogram", "values": [1.0, 0.0, 0.0, 0.0, 0.0, 0.0, 0.0, 0.0, 0.0, 0.0, 0.0, 0.0, 0.0, 0.0, 0.0, 0.0, 0.0, 0.0, 0.0, 0.0, 0.0, 0.0, 0.0, 0.0, 0.0, 0.0, 0.0, 0.0, 0.0, 0.0, 0.0, 0.0, 0.0, 0.0, 0.0, 0.0, 0.0, 0.0, 0.0, 0.0, 1.0, 0.0, 0.0, 0.0, 0.0, 0.0, 0.0, 0.0, 0.0, 0.0, 0.0, 0.0, 0.0, 0.0, 0.0, 0.0, 0.0, 0.0, 0.0, 0.0, 0.0, 0.0, 0.0, 1.0], "bins": [-0.012657398357987404, -0.012406201101839542, -0.012155002914369106, -0.011903805658221245, -0.011652607470750809, -0.011401410214602947, -0.011150212958455086, -0.01089901477098465, -0.010647817514836788, -0.010396619327366352, -0.01014542207121849, -0.009894223883748055, -0.009643026627600193, -0.009391829371452332, -0.009140631183981895, -0.008889433927834034, -0.008638236671686172, -0.008387039415538311, -0.008135841228067875, -0.007884643971920013, -0.007633446250110865, -0.007382248528301716, -0.007131050806492567, -0.006879853084683418, -0.006628655828535557, -0.006377457641065121, -0.006126260384917259, -0.00587506266310811, -0.005623864941298962, -0.0053726676851511, -0.005121469497680664, -0.004870272241532803, -0.004619074519723654, -0.004367876797914505, -0.004116679076105356, -0.003865481587126851, -0.003614284098148346, -0.003363086376339197, -0.0031118886545300484, -0.0028606909327208996, -0.0026094934437423944, -0.0023582957219332457, -0.0021070982329547405, -0.0018559005111455917, -0.001604702789336443, -0.0013535053003579378, -0.001102307578548789, -0.0008511100895702839, -0.0005999123677611351, -0.0003487147332634777, -9.751709876582026e-05, 0.0001536805648356676, 0.00040487817022949457, 0.0006560757756233215, 0.0009072734974324703, 0.0011584711028262973, 0.0014096687082201242, 0.001660866430029273, 0.0019120639190077782, 0.002163261640816927, 0.0024144593626260757, 0.002665656851604581, 0.0029168545734137297, 0.003168052062392235, 0.0034192497842013836]}, "gradients/output.weight": {"_type": "histogram", "values": [2.0, 0.0, 0.0, 0.0, 1.0, 0.0, 2.0, 2.0, 2.0, 0.0, 0.0, 1.0, 1.0, 1.0, 0.0, 0.0, 0.0, 1.0, 1.0, 2.0, 2.0, 4.0, 7.0, 5.0, 10.0, 8.0, 11.0, 6.0, 3.0, 4.0, 1.0, 4.0, 3.0, 2.0, 1.0, 1.0, 2.0, 0.0, 0.0, 3.0, 0.0, 0.0, 0.0, 0.0, 0.0, 0.0, 0.0, 0.0, 0.0, 0.0, 0.0, 0.0, 1.0, 1.0, 0.0, 0.0, 0.0, 0.0, 0.0, 0.0, 0.0, 0.0, 0.0, 1.0], "bins": [-0.00498997000977397, -0.00479495245963335, -0.004599934443831444, -0.0044049168936908245, -0.004209899343550205, -0.004014881793409586, -0.0038198637776076794, -0.00362484622746706, -0.003429828677326441, -0.003234810894355178, -0.003039793111383915, -0.0028447755612432957, -0.0026497577782720327, -0.0024547402281314135, -0.0022597224451601505, -0.0020647048950195312, -0.0018696871120482683, -0.0016746694454923272, -0.001479651778936386, -0.0012846339959651232, -0.001089616445824504, -0.0008945987210609019, -0.0006995809962972999, -0.0005045633297413588, -0.00030954566318541765, -0.00011452799662947655, 8.048966992646456e-05, 0.00027550733648240566, 0.0004705251194536686, 0.0006655426695942879, 0.0008605604525655508, 0.00105557800270617, 0.001250595785677433, 0.0014456134522333741, 0.0016406311187893152, 0.0018356489017605782, 0.0020306664519011974, 0.0022256842348724604, 0.0024207020178437233, 0.0026157195679843426, 0.002810737118124962, 0.003005754901096225, 0.0032007726840674877, 0.003395790234208107, 0.00359080801717937, 0.003785825567319989, 0.003980843350291252, 0.004175860900431871, 0.004370878450572491, 0.00456589600071311, 0.0047609140165150166, 0.004955931566655636, 0.005150949116796255, 0.005345966666936874, 0.005540984682738781, 0.0057360022328794, 0.0059310197830200195, 0.006126037798821926, 0.006321055348962545, 0.006516072899103165, 0.006711090914905071, 0.006906107999384403, 0.00710112601518631, 0.007296143565326929, 0.007491161581128836]}, "gradients/L4.bias": {"_type": "histogram", "values": [1.0, 0.0, 0.0, 1.0, 0.0, 0.0, 1.0, 0.0, 0.0, 1.0, 1.0, 0.0, 0.0, 0.0, 0.0, 0.0, 0.0, 1.0, 1.0, 1.0, 0.0, 1.0, 1.0, 0.0, 0.0, 1.0, 0.0, 0.0, 0.0, 0.0, 1.0, 0.0, 1.0, 0.0, 2.0, 0.0, 1.0, 0.0, 3.0, 3.0, 0.0, 0.0, 0.0, 0.0, 1.0, 0.0, 1.0, 1.0, 1.0, 0.0, 0.0, 0.0, 1.0, 0.0, 1.0, 0.0, 0.0, 1.0, 0.0, 0.0, 0.0, 0.0, 0.0, 3.0], "bins": [-0.0030123810283839703, -0.0029280069284141064, -0.0028436328284442425, -0.0027592587284743786, -0.0026748846285045147, -0.002590510528534651, -0.002506136428564787, -0.002421762328594923, -0.002337388228625059, -0.0022530141286551952, -0.0021686400286853313, -0.002084266161546111, -0.001999892061576247, -0.0019155179616063833, -0.0018311438616365194, -0.0017467697616666555, -0.0016623956616967916, -0.0015780215617269278, -0.0014936474617570639, -0.0014092733617872, -0.001324899261817336, -0.0012405251618474722, -0.0011561511782929301, -0.0010717770783230662, -0.0009874029783532023, -0.0009030288783833385, -0.0008186547784134746, -0.0007342807366512716, -0.0006499066948890686, -0.0005655325949192047, -0.0004811584949493408, -0.00039678439497947693, -0.0003124105278402567, -0.00022803644242230803, -0.00014366235700435936, -5.928828613832593e-05, 2.5085813831537962e-05, 0.00010945991380140185, 0.00019383395556360483, 0.0002782080555334687, 0.0003625821555033326, 0.0004469562554731965, 0.0005313303554430604, 0.0006157043972052634, 0.0007000784389674664, 0.0007844525389373302, 0.0008688266389071941, 0.000953200738877058, 0.001037574838846922, 0.0011219489388167858, 0.0012063230387866497, 0.0012906971387565136, 0.0013750712387263775, 0.0014594453386962414, 0.0015438193222507834, 0.0016281934222206473, 0.0017125675221905112, 0.0017969416221603751, 0.001881315722130239, 0.001965689705684781, 0.002050063805654645, 0.002134437905624509, 0.0022188120055943727, 0.0023031861055642366, 0.0023875602055341005]}, "gradients/L4.weight": {"_type": "histogram", "values": [1.0, 0.0, 0.0, 0.0, 0.0, 0.0, 0.0, 2.0, 2.0, 4.0, 1.0, 3.0, 1.0, 1.0, 1.0, 4.0, 2.0, 9.0, 8.0, 10.0, 14.0, 5.0, 7.0, 11.0, 26.0, 22.0, 31.0, 43.0, 36.0, 45.0, 71.0, 103.0, 109.0, 99.0, 74.0, 48.0, 39.0, 29.0, 32.0, 27.0, 17.0, 11.0, 13.0, 8.0, 11.0, 8.0, 10.0, 1.0, 3.0, 4.0, 4.0, 2.0, 2.0, 1.0, 0.0, 0.0, 2.0, 4.0, 0.0, 0.0, 0.0, 1.0, 1.0, 1.0], "bins": [-0.0021996512077748775, -0.0021318031940609217, -0.002063954947516322, -0.0019961069338023663, -0.0019282588036730886, -0.0018604106735438108, -0.001792562659829855, -0.0017247145297005773, -0.0016568663995712996, -0.0015890182694420218, -0.0015211701393127441, -0.0014533221255987883, -0.0013854739954695106, -0.0013176258653402328, -0.001249777851626277, -0.0011819297214969993, -0.0011140815913677216, -0.0010462334612384439, -0.0009783853311091661, -0.0009105373173952103, -0.0008426891872659326, -0.0007748410571366549, -0.0007069929852150381, -0.0006391449132934213, -0.0005712967831641436, -0.0005034486530348659, -0.00043560058111324906, -0.00036775250919163227, -0.00029990437906235456, -0.00023205624893307686, -0.00016420817701146007, -9.636010508984327e-05, -2.8511742129921913e-05, 3.9336358895525336e-05, 0.00010718445992097259, 0.00017503256094641984, 0.00024288066197186708, 0.00031072876299731433, 0.0003785768640227616, 0.00044642496504820883, 0.0005142730660736561, 0.0005821211962029338, 0.0006499692681245506, 0.0007178173400461674, 0.0007856654701754451, 0.0008535136003047228, 0.0009213616722263396, 0.0009892097441479564, 0.001057057874277234, 0.0011249060044065118, 0.0011927541345357895, 0.0012606021482497454, 0.001328450278379023, 0.0013962984085083008, 0.0014641464222222567, 0.0015319945523515344, 0.001599842682480812, 0.0016676908126100898, 0.0017355389427393675, 0.0018033869564533234, 0.001871235086582601, 0.0019390832167118788, 0.0020069312304258347, 0.002074779476970434, 0.00214262749068439]}, "gradients/L3.bias": {"_type": "histogram",