{"loss": 0.000682741985656321, "ode_loss": 0.0003444822214078158, "ic_loss": 5.791092760887295e-08, "data_loss": 0.00033588020596653223, "_timestamp": 1701379756.860053, "_runtime": 66.03356504440308, "_step": 999, "gradients/output.bias": {"_type": "histogram", "values": [1.0, 0.0, 0.0, 0.0, 0.0, 0.0, 0.0, 0.0, 0.0, 0.0, 0.0, 0.0, 0.0, 0.0, 0.0, 0.0, 0.0, 0.0, 0.0, 0.0, 0.0, 0.0, 0.0, 0.0, 0.0, 0.0, 0.0, 0.0, 0.0, 0.0, 0.0, 0.0, 0.0, 0.0, 0.0, 0.0, 0.0, 0.0, 0.0, 0.0, 0.0, 0.0, 0.0, 0.0, 0.0, 0.0, 0.0, 0.0, 0.0, 1.0, 0.0, 0.0, 0.0, 0.0, 0.0, 0.0, 0.0, 0.0, 0.0, 0.0, 0.0, 0.0, 0.0, 1.0], "bins": [-0.011060076765716076, -0.01087062805891037, -0.01068117842078209, -0.010491729713976383, -0.010302281007170677, -0.010112831369042397, -0.00992338266223669, -0.009733933955430984, -0.009544484317302704, -0.009355035610496998, -0.009165586903691292, -0.008976137265563011, -0.008786688558757305, -0.008597239851951599, -0.008407790213823318, -0.008218341507017612, -0.008028892800211906, -0.0078394440934062, -0.007649994920939207, -0.007460545748472214, -0.00727109657600522, -0.007081647869199514, -0.006892198696732521, -0.006702749989926815, -0.006513300817459822, -0.006323851644992828, -0.006134402938187122, -0.005944953765720129, -0.005755504593253136, -0.00556605588644743, -0.005376606713980436, -0.005187157541513443, -0.00499770836904645, -0.004808259196579456, -0.00461881048977375, -0.004429361317306757, -0.004239912144839764, -0.004050463438034058, -0.0038610142655670643, -0.0036715653259307146, -0.003482116386294365, -0.0032926672138273716, -0.003103218274191022, -0.0029137693345546722, -0.002724320162087679, -0.0025348712224513292, -0.0023454222828149796, -0.0021559731103479862, -0.0019665241707116365, -0.001777075114659965, -0.0015876261750236154, -0.0013981771189719439, -0.0012087281793355942, -0.0010192791232839227, -0.0008298300672322512, -0.0006403811275959015, -0.00045093207154423, -0.0002614830154925585, -7.20340758562088e-05, 0.00011741486378014088, 0.0003068640362471342, 0.0004963129758834839, 0.0006857619155198336, 0.0008752110879868269, 0.0010646600276231766]}, "gradients/output.weight": {"_type": "histogram", "values": [1.0, 0.0, 0.0, 0.0, 0.0, 0.0, 0.0, 0.0, 0.0, 0.0, 0.0, 0.0, 0.0, 0.0, 0.0, 0.0, 0.0, 0.0, 0.0, 0.0, 0.0, 1.0, 0.0, 1.0, 0.0, 0.0, 0.0, 0.0, 1.0, 0.0, 0.0, 0.0, 1.0, 0.0, 1.0, 0.0, 0.0, 0.0, 0.0, 0.0, 0.0, 0.0, 2.0, 2.0, 0.0, 0.0, 0.0, 0.0, 1.0, 0.0, 0.0, 2.0, 1.0, 0.0, 0.0, 1.0, 0.0, 0.0, 0.0, 1.0, 55.0, 18.0, 6.0, 1.0], "bins": [-0.05057818442583084, -0.04974176362156868, -0.04890534281730652, -0.04806892201304436, -0.047232501208782196, -0.04639608412981033, -0.045559659600257874, -0.04472324252128601, -0.04388682171702385, -0.04305040091276169, -0.04221398010849953, -0.041377559304237366, -0.040541138499975204, -0.03970471769571304, -0.03886829689145088, -0.03803187608718872, -0.03719545900821686, -0.0363590382039547, -0.035522617399692535, -0.034686196595430374, -0.03384977579116821, -0.03301335871219635, -0.03217693418264389, -0.03134051710367203, -0.030504096299409866, -0.029667675495147705, -0.028831254690885544, -0.027994833886623383, -0.02715841308236122, -0.02632199227809906, -0.0254855714738369, -0.024649152532219887, -0.023812729865312576, -0.022976309061050415, -0.022139888256788254, -0.021303467452526093, -0.02046704851090908, -0.01963062770664692, -0.018794206902384758, -0.017957786098122597, -0.017121367156505585, -0.016284946352243423, -0.015448525547981262, -0.014612104743719101, -0.01377568393945694, -0.012939264066517353, -0.012102843262255192, -0.011266423389315605, -0.010430003516376019, -0.009593582712113857, -0.00875716283917427, -0.00792074203491211, -0.007084321696311235, -0.0062479013577103615, -0.0054114805534482, -0.004575060214847326, -0.0037386398762464523, -0.0029022195376455784, -0.0020657991990447044, -0.0012293783947825432, -0.00039295759052038193, 0.0004434622824192047, 0.001279883086681366, 0.0021163029596209526, 0.002952723763883114]}, "gradients/L4.bias": {"_type": "histogram", "values": [1.0, 0.0, 0.0, 1.0, 0.0, 0.0, 0.0, 1.0, 0.0, 0.0, 0.0, 0.0, 0.0, 0.0, 1.0, 0.0, 0.0, 2.0, 0.0, 1.0, 0.0, 0.0, 0.0, 1.0, 1.0, 0.0, 0.0, 0.0, 0.0, 0.0, 0.0, 0.0, 0.0, 0.0, 0.0, 3.0, 14.0, 1.0, 0.0, 0.0, 0.0, 0.0, 0.0, 0.0, 0.0, 0.0, 0.0, 1.0, 0.0, 0.0, 0.0, 1.0, 0.0, 1.0, 0.0, 0.0, 0.0, 0.0, 1.0, 0.0, 0.0, 0.0, 0.0, 1.0], "bins": [-0.0026830770075321198, -0.002608871553093195, -0.00253466609865427, -0.0024604606442153454, -0.0023862551897764206, -0.0023120499681681395, -0.0022378445137292147, -0.00216363905929029, -0.002089433604851365, -0.0020152281504124403, -0.0019410226959735155, -0.0018668173579499125, -0.0017926119035109878, -0.001718406449072063, -0.00164420111104846, -0.0015699956566095352, -0.0014957902021706104, -0.0014215847477316856, -0.0013473792932927608, -0.0012731739552691579, -0.001198968500830233, -0.0011247630463913083, -0.0010505577083677053, -0.0009763522539287806, -0.0009021467994898558, -0.000827941345050931, -0.0007537359488196671, -0.0006795305525884032, -0.0006053250981494784, -0.0005311196437105536, -0.0004569143056869507, -0.0003827088512480259, -0.00030850316397845745, -0.00023429773864336312, -0.00016009231330826879, -8.588688797317445e-05, -1.168146263808012e-05, 6.252396269701421e-05, 0.00013672938803210855, 0.00021093478426337242, 0.0002851402387022972, 0.000359345693141222, 0.0004335510893724859, 0.0005077564856037498, 0.0005819619400426745, 0.0006561673944815993, 0.0007303727325052023, 0.0008045781869441271, 0.0008787836413830519, 0.0009529890958219767, 0.0010271945502609015, 0.0011013998882845044, 0.0011756053427234292, 0.001249810797162354, 0.001324016135185957, 0.0013982215896248817, 0.0014724270440638065, 0.0015466324985027313, 0.0016208379529416561, 0.001695043290965259, 0.0017692487454041839, 0.0018434541998431087, 0.0019176595378667116, 0.0019918649923056364, 0.002066070446744561]}, "gradients/L4.weight": {"_type": "histogram", "values": [2.0, 0.0, 2.0, 0.0, 0.0, 2.0, 2.0, 1.0, 3.0, 2.0, 0.0, 1.0, 2.0, 4.0, 3.0, 4.0, 2.0, 3.0, 7.0, 10.0, 0.0, 4.0, 11.0, 3.0, 6.0, 11.0, 10.0, 11.0, 2.0, 10.0, 10.0, 9.0, 6.0, 11.0, 23.0, 732.0, 24.0, 11.0, 6.0, 3.0, 5.0, 7.0, 4.0, 6.0, 4.0, 7.0, 4.0, 4.0, 6.0, 4.0, 2.0, 3.0, 2.0, 2.0, 3.0, 0.0, 2.0, 1.0, 2.0, 1.0, 0.0, 0.0, 1.0, 1.0], "bins": [-0.03307471051812172, -0.032141976058483124, -0.031209245324134827, -0.03027651272714138, -0.029343780130147934, -0.028411047533154488, -0.02747831493616104, -0.026545582339167595, -0.02561284974217415, -0.024680117145180702, -0.023747384548187256, -0.02281465195119381, -0.021881919354200363, -0.020949186757206917, -0.02001645416021347, -0.019083721563220024, -0.018150988966226578, -0.01721825636923313, -0.016285523772239685, -0.015352791175246239, -0.014420058578252792, -0.013487325981259346, -0.0125545933842659, -0.011621860787272453, -0.010689128190279007, -0.00975639559328556, -0.008823662996292114, -0.007890930399298668, -0.0069581978023052216, -0.006025465205311775, -0.005092732608318329, -0.0041600000113248825, -0.003227267414331436, -0.00229453481733799, -0.0013618022203445435, -0.0004290696233510971, 0.0005036629736423492, 0.0014363955706357956, 0.002369128167629242, 0.0033018607646226883, 0.004234593361616135, 0.005167325958609581, 0.006100058555603027, 0.007032791152596474, 0.00796552374958992, 0.008898256346583366, 0.009830988943576813, 0.010763721540570259, 0.011696454137563705, 0.012629186734557152, 0.013561919331550598, 0.014494651928544044, 0.01542738452553749, 0.016360117122530937, 0.017292849719524384, 0.01822558231651783, 0.019158314913511276, 0.020091047510504723, 0.02102378010749817, 0.021956512704491615, 0.02288924530148506, 0.023821977898478508, 0.024754710495471954, 0.0256874430924654, 0.026620175689458847]}, "gradients/L3.bias": {"_type": "histogram",