{"loss": 0.00043679948430508375, "ode_loss": 3.9184902561828494e-05, "ic_loss": 1.970946505025495e-05, "data_loss": 0.00037641834933310747, "_timestamp": 1701384075.0724723, "_runtime": 70.08007335662842, "_step": 4999, "gradients/output.bias": {"_type": "histogram", "values": [1.0, 0.0, 0.0, 0.0, 0.0, 0.0, 0.0, 0.0, 0.0, 0.0, 0.0, 0.0, 0.0, 0.0, 0.0, 0.0, 0.0, 0.0, 0.0, 0.0, 0.0, 0.0, 0.0, 0.0, 0.0, 0.0, 0.0, 0.0, 0.0, 0.0, 0.0, 0.0, 0.0, 0.0, 0.0, 0.0, 0.0, 0.0, 0.0, 1.0, 0.0, 0.0, 0.0, 0.0, 0.0, 0.0, 0.0, 0.0, 0.0, 0.0, 0.0, 0.0, 0.0, 0.0, 0.0, 0.0, 0.0, 0.0, 0.0, 0.0, 0.0, 0.0, 0.0, 1.0], "bins": [-0.01324775256216526, -0.012950981967151165, -0.01265421137213707, -0.0123574398458004, -0.012060669250786304, -0.01176389865577221, -0.01146712712943554, -0.011170356534421444, -0.010873585939407349, -0.010576815344393253, -0.010280044749379158, -0.009983273223042488, -0.009686502628028393, -0.009389732033014297, -0.009092960506677628, -0.008796189911663532, -0.008499419316649437, -0.008202648721635342, -0.007905878126621246, -0.007609106600284576, -0.007312336005270481, -0.007015565410256386, -0.006718794349581003, -0.006422023288905621, -0.006125252693891525, -0.00582848209887743, -0.005531711038202047, -0.005234939977526665, -0.004938169382512569, -0.004641398787498474, -0.0043446277268230915, -0.004047856666147709, -0.0037510856054723263, -0.0034543147776275873, -0.0031575439497828484, -0.0028607731219381094, -0.0025640022940933704, -0.0022672314662486315, -0.0019704606384038925, -0.0016736898105591536, -0.0013769189827144146, -0.0010801481548696756, -0.0007833773270249367, -0.0004866064991801977, -0.00018983567133545876, 0.0001069351565092802, 0.00040370598435401917, 0.0007004770450294018, 0.000997247640043497, 0.001294018467888236, 0.001590789295732975, 0.001887560123577714, 0.002184330951422453, 0.002481101779267192, 0.002777872607111931, 0.00307464343495667, 0.0033714142628014088, 0.0036681850906461477, 0.003964955918490887, 0.004261726513504982, 0.004558497574180365, 0.004855268634855747, 0.0051520392298698425, 0.005448810290545225, 0.0057455808855593204]}, "gradients/output.weight": {"_type": "histogram", "values": [1.0, 0.0, 0.0, 0.0, 0.0, 0.0, 0.0, 1.0, 0.0, 1.0, 1.0, 1.0, 0.0, 0.0, 0.0, 0.0, 2.0, 1.0, 0.0, 1.0, 1.0, 0.0, 0.0, 0.0, 1.0, 2.0, 0.0, 0.0, 1.0, 1.0, 1.0, 2.0, 1.0, 2.0, 2.0, 2.0, 4.0, 1.0, 7.0, 38.0, 2.0, 1.0, 0.0, 1.0, 2.0, 1.0, 1.0, 1.0, 1.0, 2.0, 3.0, 1.0, 2.0, 2.0, 0.0, 0.0, 0.0, 0.0, 0.0, 0.0, 0.0, 0.0, 0.0, 1.0], "bins": [-0.008895951323211193, -0.00866897962987423, -0.008442007936537266, -0.008215036243200302, -0.007988064549863338, -0.007761092856526375, -0.007534120697528124, -0.00730714900419116, -0.0070801773108541965, -0.006853205617517233, -0.006626233924180269, -0.006399261765182018, -0.006172290071845055, -0.005945318378508091, -0.005718346685171127, -0.005491374991834164, -0.0052644032984972, -0.005037431605160236, -0.004810459911823273, -0.004583488218486309, -0.004356516525149345, -0.004129544831812382, -0.0039025726728141308, -0.003675600979477167, -0.0034486292861402035, -0.00322165759280324, -0.002994685899466276, -0.002767713973298669, -0.002540742279961705, -0.0023137705866247416, -0.0020867986604571342, -0.0018598269671201706, -0.0016328548081219196, -0.001405883114784956, -0.0011789113050326705, -0.0009519395534880459, -0.0007249678019434214, -0.0004979961086064577, -0.00027102429885417223, -4.405248910188675e-05, 0.0001829192042350769, 0.00040989089757204056, 0.0006368625909090042, 0.0008638345170766115, 0.0010908062104135752, 0.0013177779037505388, 0.0015447498299181461, 0.0017717215232551098, 0.0019986932165920734, 0.002225664909929037, 0.0024526366032660007, 0.002679608529433608, 0.0029065802227705717, 0.0031335519161075354, 0.0033605238422751427, 0.0035874955356121063, 0.00381446722894907, 0.004041438922286034, 0.004268410615622997, 0.004495382308959961, 0.004722354002296925, 0.004949325695633888, 0.005176297854632139, 0.005403269547969103, 0.0056302412413060665]}, "gradients/L4.bias": {"_type": "histogram", "values": [1.0, 0.0, 0.0, 1.0, 0.0, 0.0, 0.0, 2.0, 0.0, 0.0, 0.0, 0.0, 0.0, 0.0, 0.0, 0.0, 0.0, 0.0, 1.0, 0.0, 1.0, 0.0, 0.0, 0.0, 1.0, 1.0, 0.0, 0.0, 0.0, 0.0, 1.0, 1.0, 0.0, 0.0, 0.0, 0.0, 1.0, 0.0, 0.0, 0.0, 0.0, 0.0, 0.0, 1.0, 11.0, 2.0, 0.0, 0.0, 2.0, 0.0, 1.0, 1.0, 0.0, 0.0, 0.0, 0.0, 1.0, 0.0, 0.0, 0.0, 0.0, 0.0, 1.0, 1.0], "bins": [-0.003166639246046543, -0.003095502033829689, -0.003024364821612835, -0.0029532278422266245, -0.0028820906300097704, -0.0028109534177929163, -0.002739816205576062, -0.002668678993359208, -0.0025975420139729977, -0.0025264048017561436, -0.0024552675895392895, -0.0023841303773224354, -0.0023129931651055813, -0.002241855952888727, -0.002170718740671873, -0.0020995817612856627, -0.0020284445490688086, -0.0019573073368519545, -0.0018861702410504222, -0.001815033028833568, -0.0017438959330320358, -0.0016727587208151817, -0.0016016215085983276, -0.0015304842963814735, -0.0014593472005799413, -0.001388210104778409, -0.001317072892561555, -0.0012459356803447008, -0.0011747984681278467, -0.0011036613723263144, -0.0010325241601094604, -0.0009613870643079281, -0.0008902496192604303, -0.0008191124652512372, -0.000747975311242044, -0.0006768380990251899, -0.0006057009450159967, -0.0005345637910068035, -0.0004634266078937799, -0.00039228942478075624, -0.00032115227077156305, -0.00025001511676236987, -0.0001788779627531767, -0.0001077407505363226, -3.660359652712941e-05, 3.453355748206377e-05, 0.00010567076969891787, 0.00017680786550045013, 0.00024794507771730423, 0.0003190822317264974, 0.00039021941483952105, 0.0004613565979525447, 0.0005324937519617379, 0.000603630905970931, 0.0006747681181877851, 0.0007459052721969783, 0.0008170424262061715, 0.0008881795802153647, 0.0009593167342245579, 0.001030453946441412, 0.001101591158658266, 0.0011727282544597983, 0.0012438654666766524, 0.0013150025624781847, 0.0013861397746950388]}, "gradients/L4.weight": {"_type": "histogram", "values": [1.0, 0.0, 0.0, 0.0, 0.0, 1.0, 0.0, 0.0, 0.0, 0.0, 1.0, 0.0, 0.0, 0.0, 1.0, 0.0, 0.0, 1.0, 0.0, 0.0, 0.0, 1.0, 0.0, 1.0, 0.0, 0.0, 0.0, 0.0, 0.0, 0.0, 0.0, 2.0, 1.0, 1.0, 0.0, 0.0, 0.0, 0.0, 2.0, 1.0, 1.0, 1.0, 5.0, 5.0, 11.0, 10.0, 14.0, 22.0, 29.0, 39.0, 50.0, 84.0, 579.0, 77.0, 32.0, 24.0, 15.0, 5.0, 2.0, 1.0, 1.0, 0.0, 0.0, 3.0], "bins": [-0.007869914174079895, -0.007718793116509914, -0.0075676715932786465, -0.0074165500700473785, -0.007265429012477398, -0.007114307954907417, -0.006963186431676149, -0.0068120649084448814, -0.006660943850874901, -0.00650982279330492, -0.006358701270073652, -0.006207579746842384, -0.006056458689272404, -0.005905337631702423, -0.005754216108471155, -0.005603094585239887, -0.005451973527669907, -0.005300852470099926, -0.005149730946868658, -0.00499860942363739, -0.0048474883660674095, -0.004696367308497429, -0.004545245785266161, -0.004394124262034893, -0.004243003204464912, -0.004091882146894932, -0.003940760623663664, -0.0037896393332630396, -0.0036385180428624153, -0.003487396752461791, -0.0033362754620611668, -0.0031851541716605425, -0.003034032881259918, -0.002882911590859294, -0.0027317903004586697, -0.0025806690100580454, -0.002429547719657421, -0.002278426429256797, -0.0021273051388561726, -0.0019761838484555483, -0.001825062558054924, -0.0016739412676542997, -0.0015228199772536755, -0.0013716986868530512, -0.001220577396452427, -0.0010694561060518026, -0.0009183348156511784, -0.0007672135252505541, -0.0006160922348499298, -0.00046497094444930553, -0.00031384965404868126, -0.00016272836364805698, -1.1607073247432709e-05, 0.00013951421715319157, 0.00029063550755381584, 0.0004417567979544401, 0.0005928780883550644, 0.0007439993787556887, 0.0008951206691563129, 0.0010462419595569372, 0.0011973632499575615, 0.0013484845403581858, 0.00149960583075881, 0.0016507271211594343, 0.0018018484115600586]}, "gradients/L3.bias": {"_type": "histogram",