{"loss": 5.617384158540517e-05, "ode_loss": 2.6221288862871006e-05, "ic_loss": 6.223557225126797e-09, "data_loss": 2.978059092129115e-05, "_timestamp": 1701379541.7223344, "_runtime": 64.7843234539032, "_step": 999, "gradients/output.bias": {"_type": "histogram", "values": [1.0, 0.0, 0.0, 0.0, 0.0, 0.0, 0.0, 0.0, 0.0, 0.0, 0.0, 0.0, 0.0, 0.0, 0.0, 0.0, 0.0, 0.0, 0.0, 0.0, 0.0, 0.0, 0.0, 0.0, 0.0, 0.0, 0.0, 0.0, 0.0, 0.0, 0.0, 0.0, 1.0, 0.0, 0.0, 0.0, 0.0, 0.0, 0.0, 0.0, 0.0, 0.0, 0.0, 0.0, 0.0, 0.0, 0.0, 0.0, 0.0, 0.0, 0.0, 0.0, 0.0, 0.0, 0.0, 0.0, 0.0, 0.0, 0.0, 0.0, 0.0, 0.0, 0.0, 1.0], "bins": [-0.0006293047335930169, -0.0005892140325158834, -0.0005491232732310891, -0.0005090325721539557, -0.0004689418710768223, -0.00042885116999968886, -0.000388760439818725, -0.0003486697096377611, -0.0003085790085606277, -0.0002684883074834943, -0.0002283975773025304, -0.00018830684712156653, -0.00014821614604443312, -0.0001081254449672997, -6.803468568250537e-05, -2.7943984605371952e-05, 1.2146716471761465e-05, 5.223743210081011e-05, 9.232814772985876e-05, 0.0001324188633589074, 0.00017250957898795605, 0.0002126002946170047, 0.00025269101024605334, 0.0002927817404270172, 0.00033287244150415063, 0.00037296314258128405, 0.0004130538727622479, 0.0004531446029432118, 0.0004932353040203452, 0.0005333260050974786, 0.000573416764382273, 0.0006135074654594064, 0.0006535981083288789, 0.0006936888094060123, 0.0007337795104831457, 0.00077387026976794, 0.0008139609708450735, 0.0008540516719222069, 0.0008941424312070012, 0.0009342331322841346, 0.000974323833361268, 0.0010144144762307405, 0.0010545052355155349, 0.0010945959948003292, 0.0011346866376698017, 0.001174777396954596, 0.0012148681562393904, 0.0012549587991088629, 0.0012950495583936572, 0.0013351403176784515, 0.001375230960547924, 0.0014153217198327184, 0.0014554124791175127, 0.0014955031219869852, 0.0015355938812717795, 0.0015756846405565739, 0.0016157752834260464, 0.0016558659262955189, 0.0016959566855803132, 0.0017360474448651075, 0.00177613808773458, 0.0018162288470193744, 0.0018563196063041687, 0.0018964102491736412, 0.0019365010084584355]}, "gradients/output.weight": {"_type": "histogram", "values": [3.0, 2.0, 9.0, 45.0, 7.0, 5.0, 1.0, 0.0, 2.0, 1.0, 2.0, 1.0, 3.0, 1.0, 1.0, 0.0, 0.0, 1.0, 0.0, 0.0, 0.0, 1.0, 1.0, 1.0, 0.0, 0.0, 2.0, 0.0, 0.0, 0.0, 1.0, 1.0, 1.0, 0.0, 0.0, 0.0, 0.0, 1.0, 0.0, 0.0, 0.0, 0.0, 0.0, 0.0, 0.0, 0.0, 1.0, 0.0, 0.0, 0.0, 0.0, 0.0, 0.0, 0.0, 0.0, 0.0, 0.0, 0.0, 1.0, 0.0, 0.0, 0.0, 0.0, 1.0], "bins": [-0.0012050163932144642, -0.000875253404956311, -0.0005454904166981578, -0.00021572737023234367, 0.00011403555981814861, 0.0004437984898686409, 0.0007735616527497768, 0.0011033245828002691, 0.0014330875128507614, 0.0017628504429012537, 0.002092613372951746, 0.002422376535832882, 0.002752139698714018, 0.0030819023959338665, 0.0034116655588150024, 0.003741428256034851, 0.004071191418915987, 0.004400954581797123, 0.004730717279016972, 0.0050604804418981075, 0.0053902436047792435, 0.005720006301999092, 0.006049769464880228, 0.006379532627761364, 0.006709295324981213, 0.007039058022201061, 0.007368821185082197, 0.007698584347963333, 0.008028347045183182, 0.00835810974240303, 0.008687873370945454, 0.009017636068165302, 0.009347399696707726, 0.009677162393927574, 0.010006926022469997, 0.010336688719689846, 0.010666451416909695, 0.010996215045452118, 0.011325977742671967, 0.011655740439891815, 0.011985503137111664, 0.012315266765654087, 0.012645029462873936, 0.012974793091416359, 0.013304555788636208, 0.013634318485856056, 0.013964081183075905, 0.014293843880295753, 0.014623607508838177, 0.014953370206058025, 0.015283133834600449, 0.015612896531820297, 0.015942659229040146, 0.016272421926259995, 0.016602184623479843, 0.01693194918334484, 0.01726171188056469, 0.01759147457778454, 0.017921237275004387, 0.018250999972224236, 0.018580764532089233, 0.018910527229309082, 0.01924028992652893, 0.01957005262374878, 0.019899815320968628]}, "gradients/L4.bias": {"_type": "histogram", "values": [2.0, 0.0, 0.0, 0.0, 1.0, 0.0, 0.0, 0.0, 0.0, 0.0, 0.0, 0.0, 0.0, 0.0, 0.0, 1.0, 0.0, 0.0, 0.0, 0.0, 1.0, 0.0, 2.0, 0.0, 0.0, 0.0, 14.0, 0.0, 2.0, 0.0, 0.0, 1.0, 0.0, 0.0, 0.0, 1.0, 0.0, 0.0, 1.0, 0.0, 0.0, 0.0, 0.0, 0.0, 1.0, 1.0, 1.0, 0.0, 0.0, 0.0, 0.0, 1.0, 0.0, 1.0, 0.0, 0.0, 0.0, 0.0, 0.0, 0.0, 0.0, 0.0, 0.0, 1.0], "bins": [-0.00036286195972934365, -0.0003491532406769693, -0.0003354445216245949, -0.0003217357734683901, -0.00030802705441601574, -0.0002943183353636414, -0.000280609616311267, -0.0002669008681550622, -0.00025319214910268784, -0.00023948343005031347, -0.0002257747109979391, -0.00021206597739364952, -0.00019835725834127516, -0.00018464852473698556, -0.0001709398056846112, -0.0001572310720803216, -0.00014352235302794725, -0.00012981363397557288, -0.00011610490037128329, -0.00010239618131890893, -8.868744771461934e-05, -7.497872866224498e-05, -6.1270002333913e-05, -4.756127600558102e-05, -3.3852549677249044e-05, -2.0143823348917067e-05, -6.435104296542704e-06, 7.273629307746887e-06, 2.098234836012125e-05, 3.469108196441084e-05, 4.8399801016785204e-05, 6.21085346210748e-05, 7.581725367344916e-05, 8.952598000178114e-05, 0.00010323470633011311, 0.00011694342538248748, 0.00013065215898677707, 0.00014436087803915143, 0.0001580695970915258, 0.00017177833069581538, 0.00018548706430010498, 0.00019919578335247934, 0.0002129045024048537, 0.0002266132360091433, 0.00024032195506151766, 0.00025403068866580725, 0.0002677394077181816, 0.000281448126770556, 0.00029515684582293034, 0.0003088655648753047, 0.00032257428392767906, 0.0003362830320838839, 0.00034999175113625824, 0.0003637004701886326, 0.00037740918924100697, 0.0003911179373972118, 0.00040482665644958615, 0.0004185353755019605, 0.0004322440945543349, 0.00044595281360670924, 0.0004596615326590836, 0.0004733702808152884, 0.0004870789998676628, 0.0005007877480238676, 0.000514496467076242]}, "gradients/L4.weight": {"_type": "histogram", "values": [1.0, 0.0, 0.0, 0.0, 1.0, 0.0, 0.0, 1.0, 0.0, 0.0, 1.0, 1.0, 0.0, 1.0, 0.0, 2.0, 2.0, 2.0, 4.0, 3.0, 3.0, 6.0, 3.0, 6.0, 7.0, 5.0, 7.0, 6.0, 6.0, 31.0, 782.0, 25.0, 12.0, 10.0, 11.0, 9.0, 8.0, 10.0, 7.0, 6.0, 8.0, 8.0, 2.0, 6.0, 3.0, 3.0, 3.0, 1.0, 1.0, 2.0, 0.0, 1.0, 1.0, 0.0, 1.0, 2.0, 0.0, 0.0, 0.0, 0.0, 1.0, 0.0, 0.0, 2.0], "bins": [-0.012463889084756374, -0.012050097808241844, -0.011636307463049889, -0.011222516186535358, -0.010808725841343403, -0.010394934564828873, -0.009981144219636917, -0.009567352943122387, -0.009153561666607857, -0.008739771321415901, -0.008325980976223946, -0.007912189699709415, -0.007498398423194885, -0.007084607612341642, -0.0066708168014883995, -0.006257025990635157, -0.005843235179781914, -0.005429444368928671, -0.005015653558075428, -0.004601862281560898, -0.004188071936368942, -0.0037742808926850557, -0.003360489849001169, -0.0029466990381479263, -0.0025329082272946835, -0.0021191174164414406, -0.0017053266055881977, -0.0012915357947349548, -0.0008777445182204247, -0.0004639537073671818, -5.0162896513938904e-05, 0.00036362791433930397, 0.0007774177938699722, 0.001191208604723215, 0.0016049995319917798, 0.0020187904592603445, 0.0024325812701135874, 0.0028463720809668303, 0.0032601631246507168, 0.0036739539355039597, 0.0040877447463572025, 0.004501535557210445, 0.004915326368063688, 0.005329117178916931, 0.005742908455431461, 0.006156699266284704, 0.006570490077137947, 0.00698428088799119, 0.007398071698844433, 0.007811862509697676, 0.008225653320550919, 0.008639444597065449, 0.009053234942257404, 0.009467026218771935, 0.00988081656396389, 0.01029460784047842, 0.01070839911699295, 0.011122189462184906, 0.011535979807376862, 0.011949771083891392, 0.012363562360405922, 0.012777352705597878, 0.013191143982112408, 0.013604935258626938, 0.014018725603818893]}, "gradients/L3.bias": {"_type": "histogram",