{"loss": 0.43611976504325867, "ode_loss": 0.0066374074667692184, "ic_loss": 0.3303351402282715, "data_loss": 0.09710840880870819, "_timestamp": 1701383175.87839, "_runtime": 175.78331398963928, "_step": 999, "gradients/output.bias": {"_type": "histogram", "values": [1.0, 0.0, 0.0, 0.0, 0.0, 0.0, 0.0, 0.0, 0.0, 0.0, 0.0, 0.0, 0.0, 0.0, 0.0, 0.0, 0.0, 0.0, 0.0, 0.0, 0.0, 0.0, 0.0, 0.0, 0.0, 0.0, 0.0, 0.0, 0.0, 0.0, 0.0, 0.0, 0.0, 0.0, 0.0, 0.0, 0.0, 0.0, 0.0, 0.0, 0.0, 0.0, 0.0, 0.0, 0.0, 0.0, 0.0, 0.0, 0.0, 0.0, 0.0, 0.0, 0.0, 0.0, 0.0, 0.0, 0.0, 0.0, 0.0, 0.0, 0.0, 1.0, 0.0, 1.0], "bins": [-1.4106850624084473, -1.3930917978286743, -1.3754984140396118, -1.3579051494598389, -1.340311884880066, -1.322718620300293, -1.3051252365112305, -1.2875319719314575, -1.2699387073516846, -1.252345323562622, -1.2347520589828491, -1.2171587944030762, -1.1995655298233032, -1.1819721460342407, -1.1643788814544678, -1.1467856168746948, -1.1291923522949219, -1.111599087715149, -1.0940057039260864, -1.0764124393463135, -1.0588191747665405, -1.0412259101867676, -1.023632526397705, -1.0060392618179321, -0.9884459972381592, -0.9708526730537415, -0.9532593488693237, -0.9356660842895508, -0.9180727601051331, -0.9004794955253601, -0.8828861713409424, -0.8652929067611694, -0.8476995229721069, -0.8301061987876892, -0.8125129342079163, -0.7949196100234985, -0.7773263454437256, -0.7597330212593079, -0.7421397566795349, -0.7245464324951172, -0.7069531679153442, -0.6893598437309265, -0.6717665195465088, -0.6541732549667358, -0.6365799307823181, -0.6189866662025452, -0.6013933420181274, -0.5838000774383545, -0.566206693649292, -0.5486133694648743, -0.5310201048851013, -0.5134267807006836, -0.49583351612091064, -0.4782401919364929, -0.4606468975543976, -0.44305360317230225, -0.4254603087902069, -0.4078670144081116, -0.39027372002601624, -0.3726804256439209, -0.3550871014595032, -0.3374938368797302, -0.3199005126953125, -0.30230721831321716, -0.2847139537334442]}, "gradients/output.weight": {"_type": "histogram", "values": [1.0, 0.0, 0.0, 1.0, 0.0, 1.0, 0.0, 1.0, 0.0, 0.0, 0.0, 1.0, 0.0, 0.0, 1.0, 3.0, 1.0, 4.0, 1.0, 3.0, 4.0, 1.0, 5.0, 3.0, 6.0, 9.0, 8.0, 4.0, 3.0, 6.0, 2.0, 3.0, 3.0, 5.0, 0.0, 1.0, 1.0, 0.0, 0.0, 0.0, 2.0, 0.0, 0.0, 1.0, 2.0, 0.0, 0.0, 0.0, 1.0, 1.0, 1.0, 0.0, 0.0, 2.0, 0.0, 0.0, 1.0, 0.0, 0.0, 0.0, 0.0, 2.0, 0.0, 1.0], "bins": [-0.3003687858581543, -0.2877802550792694, -0.2751917541027069, -0.262603223323822, -0.25001469254493713, -0.23742617666721344, -0.22483766078948975, -0.21224913001060486, -0.19966061413288116, -0.18707209825515747, -0.17448356747627258, -0.1618950515985489, -0.1493065357208252, -0.1367180049419403, -0.12412948906421661, -0.11154095828533173, -0.09895244240760803, -0.08636391907930374, -0.07377539575099945, -0.06118687987327576, -0.048598356544971466, -0.036009833216667175, -0.02342131733894348, -0.01083279401063919, 0.0017557293176651, 0.014344252645969391, 0.02693277597427368, 0.039521291851997375, 0.05210980772972107, 0.06469833850860596, 0.07728685438632965, 0.08987538516521454, 0.10246390104293823, 0.11505242437124252, 0.12764094769954681, 0.1402294635772705, 0.1528179943561554, 0.1654065102338791, 0.17799502611160278, 0.19058355689048767, 0.20317207276821136, 0.21576058864593506, 0.22834911942481995, 0.24093763530254364, 0.25352615118026733, 0.2661146819591522, 0.2787032127380371, 0.2912917137145996, 0.3038802444934845, 0.3164687752723694, 0.3290572762489319, 0.3416458070278168, 0.35423433780670166, 0.36682283878326416, 0.37941136956214905, 0.39199990034103394, 0.40458840131759644, 0.4171769320964813, 0.4297654628753662, 0.4423539638519287, 0.4549424946308136, 0.4675310254096985, 0.480119526386261, 0.49270808696746826, 0.5052965879440308]}, "gradients/L4.bias": {"_type": "histogram", "values": [1.0, 1.0, 1.0, 0.0, 0.0, 0.0, 0.0, 0.0, 0.0, 1.0, 0.0, 1.0, 0.0, 0.0, 1.0, 0.0, 2.0, 0.0, 1.0, 1.0, 1.0, 3.0, 0.0, 0.0, 0.0, 1.0, 0.0, 0.0, 1.0, 0.0, 1.0, 0.0, 1.0, 0.0, 0.0, 1.0, 0.0, 1.0, 0.0, 1.0, 1.0, 0.0, 0.0, 0.0, 1.0, 1.0, 0.0, 1.0, 2.0, 0.0, 1.0, 0.0, 0.0, 0.0, 0.0, 0.0, 1.0, 0.0, 0.0, 1.0, 0.0, 0.0, 0.0, 2.0], "bins": [-0.23489777743816376, -0.22760772705078125, -0.22031767666339874, -0.21302762627601624, -0.20573757588863373, -0.19844752550125122, -0.1911574900150299, -0.1838674247264862, -0.1765773892402649, -0.1692873239517212, -0.16199728846549988, -0.15470722317695618, -0.14741718769073486, -0.14012713730335236, -0.13283708691596985, -0.12554703652858734, -0.11825698614120483, -0.11096693575382233, -0.10367688536643982, -0.09638683497905731, -0.0890967845916748, -0.0818067342042923, -0.07451669126749039, -0.06722664088010788, -0.05993659049272537, -0.052646540105342865, -0.04535648971796036, -0.03806643933057785, -0.03077639639377594, -0.023486346006393433, -0.016196295619010925, -0.008906245231628418, -0.0016161799430847168, 0.005673869512975216, 0.012963918969035149, 0.020253967493772507, 0.027544017881155014, 0.03483406826853752, 0.04212411493062973, 0.04941416531801224, 0.056704215705394745, 0.06399426609277725, 0.07128431648015976, 0.07857436686754227, 0.08586440980434418, 0.09315446019172668, 0.10044451057910919, 0.1077345609664917, 0.1150246113538742, 0.12231466174125671, 0.12960471212863922, 0.13689476251602173, 0.14418481290340424, 0.15147486329078674, 0.15876489877700806, 0.16605496406555176, 0.17334499955177307, 0.18063506484031677, 0.18792510032653809, 0.1952151656150818, 0.2025052011013031, 0.2097952514886856, 0.21708530187606812, 0.22437535226345062, 0.23166540265083313]}, "gradients/L4.weight": {"_type": "histogram", "values": [2.0, 0.0, 1.0, 0.0, 0.0, 0.0, 1.0, 2.0, 0.0, 2.0, 3.0, 0.0, 1.0, 1.0, 0.0, 5.0, 3.0, 2.0, 4.0, 7.0, 5.0, 0.0, 4.0, 2.0, 5.0, 11.0, 12.0, 5.0, 15.0, 19.0, 32.0, 32.0, 57.0, 46.0, 78.0, 79.0, 118.0, 108.0, 74.0, 61.0, 48.0, 34.0, 28.0, 26.0, 16.0, 21.0, 11.0, 15.0, 4.0, 3.0, 4.0, 1.0, 2.0, 3.0, 4.0, 2.0, 0.0, 2.0, 0.0, 0.0, 1.0, 1.0, 0.0, 1.0], "bins": [-0.20510715246200562, -0.19954349100589752, -0.19397982954978943, -0.18841618299484253, -0.18285252153873444, -0.17728886008262634, -0.17172521352767944, -0.16616155207157135, -0.16059789061546326, -0.15503422915935516, -0.14947056770324707, -0.14390692114830017, -0.13834325969219208, -0.13277959823608398, -0.12721595168113708, -0.12165229022502899, -0.1160886287689209, -0.1105249673128128, -0.10496131330728531, -0.09939765930175781, -0.09383399784564972, -0.08827033638954163, -0.08270668238401413, -0.07714302837848663, -0.07157936692237854, -0.06601570546627045, -0.06045205146074295, -0.054888393729925156, -0.04932473599910736, -0.04376107454299927, -0.03819742053747177, -0.032633766531944275, -0.027070119976997375, -0.02150646224617958, -0.015942804515361786, -0.010379146784543991, -0.004815489053726196, 0.0007481686770915985, 0.006311826407909393, 0.011875484138727188, 0.017439141869544983, 0.023002799600362778, 0.028566457331180573, 0.03413011506199837, 0.03969377279281616, 0.045257434248924255, 0.05082108825445175, 0.05638474225997925, 0.06194840371608734, 0.06751206517219543, 0.07307571917772293, 0.07863937318325043, 0.08420303463935852, 0.08976669609546661, 0.09533035010099411, 0.1008940041065216, 0.1064576655626297, 0.11202132701873779, 0.11758498102426529, 0.12314863502979279, 0.12871229648590088, 0.13427595794200897, 0.13983961939811707, 0.14540326595306396, 0.15096692740917206]}, "gradients/L3.bias": {"_type": "histogram", "values": [1.0, 0.0, 0.0, 0.0, 0.0, 0.0, 0.0, 0.0, 0.0, 0.0, 0.0, 0.0, 0.0, 0.0, 0.0, 0.0, 0.0, 1.0, 0.0, 0.0, 1.0, 0.0, 0.0, 2.0, 1.0, 0.0, 0.0, 0.0, 1.0, 2.0, 0.0, 0.0, 0.0, 0.0, 2.0, 0.0, 0.0, 0.0, 2.0, 3.0, 2.0, 0.0, 2.0, 0.0, 0.0, 1.0, 0.0, 1.0, 0.0, 1.0, 1.0, 1.0, 1.0, 0.0, 1.0, 1.0, 0.0, 0.0, 2.0, 0.0, 1.0, 0.0, 0.0, 1.0],