{"loss": 0.2474251091480255, "ode_loss": 4.244569572620094e-05, "ic_loss": 0.1694844514131546, "data_loss": 0.07679802179336548, "_timestamp": 1701383446.1100392, "_runtime": 51.78546929359436, "_step": 999, "gradients/output.bias": {"_type": "histogram", "values": [1.0, 0.0, 0.0, 0.0, 0.0, 0.0, 0.0, 0.0, 0.0, 0.0, 0.0, 0.0, 0.0, 0.0, 0.0, 0.0, 0.0, 0.0, 0.0, 0.0, 0.0, 0.0, 0.0, 0.0, 0.0, 0.0, 0.0, 0.0, 0.0, 0.0, 0.0, 0.0, 0.0, 0.0, 0.0, 0.0, 0.0, 0.0, 0.0, 0.0, 0.0, 0.0, 0.0, 0.0, 0.0, 0.0, 0.0, 0.0, 1.0, 0.0, 0.0, 0.0, 0.0, 0.0, 0.0, 0.0, 0.0, 0.0, 0.0, 0.0, 0.0, 0.0, 0.0, 1.0], "bins": [-1.14955472946167, -1.1291383504867554, -1.1087220907211304, -1.0883057117462158, -1.0678893327713013, -1.0474730730056763, -1.0270566940307617, -1.0066403150558472, -0.9862239956855774, -0.9658076763153076, -0.9453912973403931, -0.9249749779701233, -0.9045586585998535, -0.884142279624939, -0.8637259602546692, -0.8433096408843994, -0.8228932619094849, -0.8024769425392151, -0.7820605635643005, -0.7616442441940308, -0.7412278652191162, -0.7208115458488464, -0.7003952264785767, -0.6799788475036621, -0.6595625281333923, -0.6391462087631226, -0.618729829788208, -0.5983135104179382, -0.5778971910476685, -0.5574808120727539, -0.5370644927024841, -0.5166481733322144, -0.4962318539619446, -0.4758155047893524, -0.45539915561676025, -0.4349828362464905, -0.4145664870738983, -0.39415013790130615, -0.3737338185310364, -0.3533174693584442, -0.33290112018585205, -0.3124847710132599, -0.2920684218406677, -0.27165210247039795, -0.2512357532978058, -0.23081940412521362, -0.21040308475494385, -0.18998673558235168, -0.16957037150859833, -0.14915403723716736, -0.1287376880645752, -0.10832134634256363, -0.08790500462055206, -0.0674886628985405, -0.04707232117652893, -0.02665598690509796, -0.006239637732505798, 0.014176711440086365, 0.034593045711517334, 0.0550093799829483, 0.07542572915554047, 0.09584207832813263, 0.1162583976984024, 0.13667474687099457, 0.15709109604358673]}, "gradients/output.weight": {"_type": "histogram", "values": [2.0, 0.0, 0.0, 0.0, 0.0, 0.0, 0.0, 0.0, 0.0, 0.0, 2.0, 1.0, 0.0, 0.0, 0.0, 0.0, 0.0, 0.0, 0.0, 0.0, 0.0, 0.0, 0.0, 2.0, 1.0, 1.0, 2.0, 0.0, 3.0, 3.0, 2.0, 9.0, 13.0, 11.0, 15.0, 8.0, 5.0, 1.0, 2.0, 2.0, 0.0, 2.0, 3.0, 0.0, 1.0, 0.0, 1.0, 0.0, 0.0, 0.0, 0.0, 1.0, 1.0, 1.0, 0.0, 0.0, 0.0, 0.0, 0.0, 0.0, 0.0, 0.0, 0.0, 1.0], "bins": [-0.4640587866306305, -0.45023980736732483, -0.43642085790634155, -0.4226018786430359, -0.4087828993797302, -0.39496392011642456, -0.3811449706554413, -0.3673259913921356, -0.35350704193115234, -0.3396880626678467, -0.325869083404541, -0.31205010414123535, -0.2982311546802521, -0.2844121754169464, -0.27059322595596313, -0.25677424669265747, -0.2429552674293518, -0.22913630306720734, -0.21531732380390167, -0.2014983594417572, -0.18767938017845154, -0.17386041581630707, -0.1600414514541626, -0.14622247219085693, -0.13240350782871246, -0.1185845360159874, -0.10476556420326233, -0.09094659984111786, -0.07712763547897339, -0.06330865621566772, -0.049489691853523254, -0.03567071259021759, -0.021851778030395508, -0.00803280808031559, 0.005786161869764328, 0.019605129957199097, 0.033424101769924164, 0.04724307358264923, 0.0610620379447937, 0.07488100975751877, 0.08869998157024384, 0.1025189533829689, 0.11633792519569397, 0.13015688955783844, 0.1439758539199829, 0.15779483318328857, 0.17161379754543304, 0.1854327768087387, 0.19925174117088318, 0.21307070553302765, 0.2268896847963333, 0.24070864915847778, 0.25452762842178345, 0.2683466076850891, 0.2821655571460724, 0.29598453640937805, 0.30980348587036133, 0.323622465133667, 0.33744144439697266, 0.3512604236602783, 0.3650793731212616, 0.37889835238456726, 0.39271730184555054, 0.4065362811088562, 0.42035526037216187]}, "gradients/L4.bias": {"_type": "histogram", "values": [1.0, 0.0, 0.0, 0.0, 2.0, 0.0, 1.0, 0.0, 1.0, 1.0, 1.0, 0.0, 0.0, 0.0, 0.0, 0.0, 0.0, 0.0, 1.0, 1.0, 2.0, 0.0, 3.0, 3.0, 0.0, 0.0, 0.0, 1.0, 1.0, 0.0, 0.0, 0.0, 0.0, 0.0, 1.0, 0.0, 0.0, 0.0, 2.0, 0.0, 1.0, 0.0, 0.0, 0.0, 1.0, 2.0, 0.0, 0.0, 1.0, 0.0, 0.0, 1.0, 1.0, 0.0, 0.0, 0.0, 0.0, 0.0, 0.0, 0.0, 0.0, 1.0, 1.0, 1.0], "bins": [-0.21812279522418976, -0.21196120977401733, -0.2057996243238449, -0.19963803887367249, -0.19347645342350006, -0.18731486797332764, -0.1811532974243164, -0.17499171197414398, -0.16883012652397156, -0.16266854107379913, -0.1565069556236267, -0.15034537017345428, -0.14418378472328186, -0.13802219927310944, -0.131860613822937, -0.12569904327392578, -0.11953745037317276, -0.11337586492300034, -0.10721427947282791, -0.10105270147323608, -0.09489111602306366, -0.08872953057289124, -0.08256794512271881, -0.07640635967254639, -0.07024477422237396, -0.06408318877220154, -0.05792161077260971, -0.051760025322437286, -0.04559843987226486, -0.03943685442209244, -0.03327527642250061, -0.027113690972328186, -0.02095210552215576, -0.014790521934628487, -0.008628937415778637, -0.0024673528969287872, 0.003694230690598488, 0.009855814278125763, 0.016017399728298187, 0.022178981453180313, 0.028340566903352737, 0.03450215235352516, 0.04066373407840729, 0.04682531952857971, 0.052986904978752136, 0.05914849042892456, 0.06531006842851639, 0.07147165387868881, 0.07763323932886124, 0.08379482477903366, 0.08995641022920609, 0.09611798822879791, 0.10227957367897034, 0.10844115912914276, 0.11460274457931519, 0.12076433002948761, 0.12692591547966003, 0.13308750092983246, 0.13924908638000488, 0.1454106569290161, 0.15157225728034973, 0.15773382782936096, 0.1638954132795334, 0.1700569987297058, 0.17621858417987823]}, "gradients/L4.weight": {"_type": "histogram", "values": [3.0, 0.0, 3.0, 2.0, 4.0, 4.0, 3.0, 3.0, 6.0, 5.0, 11.0, 12.0, 11.0, 9.0, 12.0, 13.0, 16.0, 22.0, 23.0, 32.0, 40.0, 35.0, 47.0, 34.0, 39.0, 43.0, 38.0, 47.0, 38.0, 64.0, 43.0, 50.0, 33.0, 23.0, 33.0, 43.0, 25.0, 11.0, 19.0, 22.0, 13.0, 14.0, 6.0, 9.0, 9.0, 9.0, 9.0, 4.0, 4.0, 3.0, 3.0, 3.0, 4.0, 1.0, 1.0, 5.0, 0.0, 1.0, 2.0, 2.0, 0.0, 0.0, 0.0, 1.0], "bins": [-0.07403042167425156, -0.07140330225229263, -0.0687761902809143, -0.06614907085895538, -0.06352195143699646, -0.060894839465618134, -0.05826772004365921, -0.055640604346990585, -0.05301348865032196, -0.050386372953653336, -0.04775925725698471, -0.04513213783502579, -0.04250502213835716, -0.03987790644168854, -0.037250787019729614, -0.03462367132306099, -0.031996555626392365, -0.02936943992972374, -0.026742322370409966, -0.02411520481109619, -0.021488089114427567, -0.01886097341775894, -0.016233855858445168, -0.013606738299131393, -0.010979622602462769, -0.008352506905794144, -0.00572538934648037, -0.0030982717871665955, -0.0004711560904979706, 0.0021559596061706543, 0.004783079028129578, 0.0074101947247982025, 0.010037310421466827, 0.012664427049458027, 0.015291543677449226, 0.017918661236763, 0.020545776933431625, 0.02317289263010025, 0.025800010189414024, 0.0284271277487278, 0.031054243445396423, 0.03368135914206505, 0.03630847483873367, 0.038935594260692596, 0.04156270995736122, 0.044189825654029846, 0.04681694507598877, 0.049444060772657394, 0.05207117646932602, 0.054698292165994644, 0.05732540786266327, 0.05995252728462219, 0.06257964670658112, 0.06520675867795944, 0.06783387809991837, 0.07046099007129669, 0.07308810949325562, 0.07571522891521454, 0.07834234088659286, 0.08096946030855179, 0.08359657227993011, 0.08622369170188904, 0.08885081112384796, 0.09147793054580688, 0.09410504251718521]}, "gradients/L3.bias": {"_type": "histogram", "values": [1.0, 0.0, 0.0, 0.0, 0.0, 0.0, 0.0, 1.0, 0.0, 0.0, 0.0, 1.0, 0.0, 1.0, 0.0, 2.0, 0.0, 0.0, 2.0, 1.0, 2.0, 0.0, 0.0, 0.0, 1.0, 1.0, 0.0, 0.0, 0.0, 2.0, 1.0, 1.0, 0.0, 1.0, 0.0, 0.0, 0.0, 1.0, 0.0, 1.0, 0.0, 0.0, 2.0, 1.0, 0.0, 1.0, 1.0, 0.0, 1.0, 0.0, 0.0, 2.0, 0.0, 0.0, 2.0, 0.0, 0.0, 1.0, 0.0, 0.0, 0.0, 0.0, 0.0, 1.0],