{"loss": 0.00023205936304293573, "ode_loss": 1.2270353181520477e-05, "ic_loss": 9.307647985679068e-09, "data_loss": 0.000214482206501998, "_timestamp": 1701378464.4156678, "_runtime": 83.93247079849243, "_step": 999, "_wandb": {"runtime": 82}}